<?xml version="1.0" encoding="utf-8"?>
<extension version="1.6.0" type="plugin" group="system" method="upgrade">
    <name>Installer</name>
	<author>RocketTheme, LLC</author>
	<creationDate>December 5, 2013</creationDate>
	<copyright>(C) 2005 - 2013 RocketTheme, LLC. All rights reserved.</copyright>
	<license>http://www.gnu.org/copyleft/gpl.html GNU/GPL</license>
	<authorEmail>support@rockettheme.com</authorEmail>
	<authorUrl>http://www.rockettheme.com</authorUrl>
	<version>1.1</version>
	<description>Afterburner2 Template v1.1</description>
    <scriptfile>install.script.php</scriptfile>
    <files>
        <filename plugin="rt_afterburner2_installer">installer.php</filename>
    </files>
    <cogs>
        <cog type="template" client="site" access="1" enabled="true" protected="false" remove_style="true">
            rt_afterburner2
            <name>Afterburner2 Template</name>
            <description>Parent for all PHP based projects</description>
            <style name="Afterburner2 - Default" default="false" master="true" paramsfile="template-options.xml"/>
        </cog>
    </cogs>
</extension>
