<?xml version="1.0" encoding="utf-8"?>
<form name="template-options">
    <fieldset name="toolbar-panel" label="TOOLBAR">
        <field name="presets" type="preset" mode="scroller" default="preset1" setbyurl="true" setinoverride="false" panel_position="left" show_label="false"/>
    </fieldset>

    <fieldset name="overview" label="OVERVIEW">
      <field name="overviewtips" type="tips" tab="overview" panel_position="right" show_label="false" />
      <field name="overview" type="file" path="/template-overview.php" show_label="false"/>
  </fieldset>
  <fieldset name="style" label="STYLE">
    <field name="master" type="hidden" value="false" default="true"/>
    <field name="current_id" type="hidden" value="false" default="true"/>
    <field name="gantry" type="gantry" value="" panel_position="hiddens"/>
    <field name="template_full_name" type="hidden" default="Afterburner2"/>
    <field name="grid_system" type="hidden" default="12"/>
    <field name="template_prefix" type="hidden" default="afterburner2-"/>
    <field name="cookie_time" type="hidden" default="31536000"/>

    <field name="override_set" type="hidden" default="2.5"/>


    <field name="name" type="hidden" default="Preset1" setinsession="true" setbysession="true" setincookie="true" setbycookie="true" />
    <field name="copy_lang_files_if_diff" type="hidden" default="1"/>

    <fields name="logo" type="selectedset" label="LOGO" description="LOGO_DESC">
            <field name="enabled" type="toggle" default="1" label="SHOW" />
            <field name="position" type="position" translation="false" default="top-a" label="POSITION" />			

            <field name="type" type="selectbox" selector="true" default="afterburner2" label="TYPE" isbodyclass="true" />
            <fields type="set" name="afterburner2" label="Afterburner2 Template">
            </fields>
            <fields type="set" name="custom" label="CUSTOM">
                <field name="image" type="imagepicker" default="" label="LOGO_PICKER" description="LOGO_PICKER_DESC" />
            </fields>
        </fields>

    <field name="headerstyle" type="selectbox" default="dark" label="HEADER_STYLE" isbodyclass="true" description="HEADER_STYLE_DESC" setinsession="true" setbysession="true" setincookie="true" setbycookie="true">
        <option value="dark">DARK</option>
        <option value="grey">GREY</option>
        <option value="light">LIGHT</option>
    </field>

    <field name="menustyle" type="selectbox" default="light" label="MENU_STYLE" isbodyclass="true" description="MENU_STYLE_DESC" setinsession="true" setbysession="true" setincookie="true" setbycookie="true">
        <option value="dark">DARK</option>
        <option value="grey">GREY</option>
        <option value="light">LIGHT</option>
    </field>

    <field name="footerstyle" type="selectbox" default="dark" label="FOOTER_STYLE" isbodyclass="true" description="FOOTER_STYLE_DESC" setinsession="true" setbysession="true" setincookie="true" setbycookie="true">
        <option value="dark">DARK</option>
        <option value="grey">GREY</option>
        <option value="light">LIGHT</option>
    </field>

     <field name="linkcolor" type="colorchooser" default="#ED6F6D" label="LINK_COLOR" description="LINK_COLOR_DESC"/>

     <field name="accentcolor" type="colorchooser" default="#ED6F6D" label="ACCENT_COLOR" description="ACCENT_COLOR_DESC"/>

        <fields name="font" type="chain" label="FONT_SETTINGS" description="FONT_SETTINGS_DESC">
            <field name="family" type="fonts" default="s:helvetica" primary="helvetica" label="FONT_FAMILY" isbodyclass="true">
                <option value="geneva">Geneva</option>
                <option value="georgia">Georgia</option>
                <option value="helvetica">Helvetica</option>
                <option value="lucida">Lucida</option>
                <option value="optima">Optima</option>
                <option value="palatino">Palatino</option>
                <option value="trebuchet">Trebuchet</option>
            </field>
            <field name="size" type="hidden" default="default" setbyurl="true"/>
            <field name="size-is" type="selectbox" default="default" label="FONT_SIZE" isbodyclass="true">
                 <option value="xsmall">F_XSMALL</option>
                 <option value="small">F_SMALL</option>
                 <option value="default">F_DEFAULT</option>
                 <option value="large">F_LARGE</option>
                 <option value="xlarge">F_XLARGE</option>
             </field>
         </fields>

    </fieldset>
    <fieldset name="features" label="FEATURES">

        <field name="viewswitcher-priority" type="hidden" default="1"/>
        <field name="logo-priority" type="hidden" default="2"/>
        <field name="copyright-priority" type="hidden" default="3"/>
        <field name="styledeclaration-priority" type="hidden" default="4"/>
        <field name="fontsizer-priority" type="hidden" default="5"/>
        <field name="date-priority" type="hidden" default="7"/>
        <field name="totop-priority" type="hidden" default="8"/>
        <field name="systemmessages-priority" type="hidden" default="9"/>
        <field name="morearticles-priority" type="hidden" default="12"/>
        <field name="smartload-priority" type="hidden" default="13"/>
        <field name="pagesuffix-priority" type="hidden" default="14"/>
        <field name="resetsettings-priority" type="hidden" default="15"/>
        <field name="analytics-priority" type="hidden" default="16"/>
        <field name="dropdownmenu-priority" type="hidden" default="18"/>
        <field name="jstools-priority" type="hidden" default="21"/>
        <field name="moduleoverlays-priority" type="hidden" default="22"/>
        <field name="rtl-priority" type="hidden" default="23"/>
        <field name="splitmenu-priority" type="hidden" default="24"/>
        <field name="webfonts-priority" type="hidden" default="27"/>


        <field name="styledeclaration-enabled" type="hidden" default="1"/>

        <fields name="copyright" type="chain" label="COPYRIGHT" description="COPYRIGHT_DESC">
            <field name="enabled" type="toggle" default="1" label="SHOW" />
            <field name="position" type="position" default="footer-a" label="POSITION" />
            <field name="text" type="text" default="Designed by RocketTheme" label="TEXT" class="text-long" />
        </fields>

        <fields name="systemmessages" type="chain" label="SYSMESSAGE" description="SYSMESSAGE_DESC">
            <field name="enabled" type="toggle" default="1" label="SHOW"/>
            <field name="position" type="position" default="drawer" label="POSITION"/>
        </fields>
		
        <fields name="fontsizer" type="chain" label="FONT_SIZER" description="FONT_SIZER_DESC">
            <field name="enabled" type="toggle" default="0" label="SHOW"/>
            <field name="position" type="position" translation="false" default="feature-b" label="POSITION"/>
        </fields>

        <fields name="analytics" type="chain" label="ANALYTICS" description="ANALYTICS_DESC">
            <field name="enabled" type="toggle" default="0" label="ANALYTICS_ENABLE"/>
            <field name="code" type="text" default="" label="ANALYTICS_CODE" class="text-long"/>
            <field name="position" type="hidden" default="analytics" />
        </fields>
    </fieldset>

    <fieldset name="menu" label="MENU">
           <fields name="menu" type="selectedset" label="MENU_CTRL" description="MENU_CTRL_DESC">
            <field name="enabled" type="toggle" default="1" label="SHOW" enabler="true" />
            <field name="type" type="selectbox" selector="true" default="dropdownmenu" label="TYPE" isbodyclass="true"/>
            <fields type="set" name="dropdownmenu" label="DROPDOWN">
                <field name="theme" type="hidden" default="gantry-dropdown"/>
                <field name="limit_levels" type="hidden" default="0"/>
                <field name="startLevel" type="hidden" default="0"/>
                <field name="showAllChildren" type="hidden" default="1"/>
                <field name="class_sfx" type="hidden" default="top"/>
                <field name="cache" type="hidden" default="0"/>

                <field name="menutype" type="menus" default="mainmenu" label="MENU_SELECT" description="MENU_SELECT_DESC"/>
                <field name="position" type="position" translation="false" default="header-b" label="POSITION" description="POSITION_DESC"/>
                <field name="responsive-menu" type="selectbox" default="panel" label="RESPONSIVE_MENU" description="RESPONSIVE_MENU_DESC">
                    <option value="panel">PANEL</option>
                    <option value="selectbox">SELECTBOX</option>
                </field>
                <field name="enable-current-id" type="toggle" default="0" label="ENABLE_ID" description="ENABLE_ID_DESC"/>
                <field name="module_cache" label="MODULE_CACHE" description="MODULE_CACHE_DESC" type="toggle" default="1"/>
            </fields>        </fields>
    </fieldset>
    <fieldset name="layouts" label="LAYOUTS">

           <fields name="top" type="position" label="TOP_POS" description="LAYOUT_POS_DESC">
            <field name="layout" type="positions" default="3,3,3,3" label="">
                <schemas>1,2,3,4,5,6</schemas>
                <words>2,3,4,5,6,7,8,9,10</words>
            </field>
            <field name="showall" type="toggle" default="0" label="FORCE_POS"/>
            <field name="showmax" type="showmax" default="6" label="POS_COUNT"/>
        </fields>

        <fields name="header" type="position" label="HEADER_POS" description="LAYOUT_POS_DESC">
            <field name="layout" type="positions" default="3,3,3,3" label="">
                <schemas>1,2,3,4,5,6</schemas>
                <words>2,3,4,5,6,7,8,9,10</words>
            </field>
            <field name="showall" type="toggle" default="0" label="FORCE_POS"/>
            <field name="showmax" type="showmax" default="6" label="POS_COUNT"/>
        </fields>

        <field name="mainbodyPosition" type="positions" default="6,3,3" label="MAINBODY_POS" description="LAYOUT_POS_DESC">
            <schemas>1,2,3,4</schemas>
            <words>sa,sb,sc,mb</words>
            <type>custom</type>
        </field>

        <fields name="bottom" type="position" label="BOTTOM_POS" description="LAYOUT_POS_DESC">
            <field name="layout" type="positions" default="3,3,3,3" label="">
                <schemas>1,2,3,4,5,6</schemas>
                <words>2,3,4,5,6,7,8,9,10</words>
            </field>
            <field name="showall" type="toggle" default="0" label="FORCE_POS"/>
            <field name="showmax" type="showmax" default="6" label="POS_COUNT"/>
        </fields>

        <fields name="footer" type="position" label="FOOTER_POS" description="LAYOUT_POS_DESC">
            <field name="layout" type="positions" default="3,3,3,3" label="">
                <schemas>1,2,3,4,5,6</schemas>
                <words>2,3,4,5,6,7,8,9,10</words>
            </field>
            <field name="showall" type="toggle" default="0" label="FORCE_POS"/>
            <field name="showmax" type="showmax" default="6" label="POS_COUNT"/>
        </fields>

    </fieldset>

    <fieldset name="advanced" label="ADVANCED">

        <field name="layout-mode" type="selectbox" default="responsive" label="LAYOUT_MODE" description="LAYOUT_MODE_DESC" setbyurl="true" setinsession="true" setbysession="true" setincookie="true" setbycookie="true" isbodyclass="true">
            <option value="responsive">RESPONSIVE</option>
            <option value="1200fixed">1200FIXED</option>
            <option value="960fixed">960FIXED</option>
        </field>

        <field name="component-enabled" type="toggle" default="1" label="COMPONENT_ENABLED" description="COMPONENT_ENABLED_DESC"/>

        <field name="mainbody-enabled" type="toggle" default="1" label="MAINBODY_ENABLED" description="MAINBODY_ENABLED_DESC"/>

        <field name="rtl-enabled" type="toggle" default="1" label="RTL" description="RTL_DESC" setinoverride="false"/>

        <field name="pagesuffix-enabled" type="toggle" default="0" label="PAGESUFFIX" description="PAGESUFFIX_DESC"/>

        <field name="selectivizr-enabled" type="toggle" default="0" label="SELECTIVIZR" description="SELECTIVIZR_DESC"/>

        <fields name="less" type="chain" label="LESS_COMPILER" description="LESS_COMPILER_DESC">
            <field name="compression" type="toggle" default="1" label="LESS_COMPRESSION" description="LESS_COMPRESSION_DESC"/>
            <field name="compilewait" type="textplus" default="2" append="sec" label="LESS_COMPILEWAIT" description="LESS_COMPILEWAIT_DESC" class="text-short" />
            <field name="debugheader" type="toggle" default="0" label="LESS_DEBUGHEADER" description="LESS_DEBUGHEADER_DESC"/>
            <field name="clear" type="ajaxbutton" text="LESS_COMPILE_CLEAR_TEXT" model="lesscompiler" action="clear" label="LESS_COMPILE_CLEAR" setinoverride="false" />
        </fields>
    </fieldset>
    <fieldset name="assignment" label="ASSIGNMENTS">
        <field name="assignments" type="assignments" panel_position="left" setinoverride="false"/>
        </fieldset>
    </form>
